PRAGMA foreign_keys = on;

--PessoaFEUP info insertion
INSERT INTO PessoaFEUP (id, nome, morada, dataNasc, sexo, NIF, telefone, email) VALUES
	('UP201800001', 'João Sousa da Silva', 'Rua Lael Ferreira, 429', '1999-01-01', 'M', 393201029, 9384928392, 'jss@gmail.com');
INSERT INTO PessoaFEUP (id, nome, morada, dataNasc, sexo, NIF, telefone, email) VALUES
    ('UP201800002', 'Joao Melo Araujo', 'Rua Morrinhos, 1018', '2000-01-19', 'M', 902867607, 997375190, 'jma@gmail.com');
INSERT INTO PessoaFEUP (id, nome, morada, dataNasc, sexo, NIF, telefone, email) VALUES
    ('UP201800003', 'Rebeca Cardoso Correia', 'Rua Antônio Marinho Mendonça, 1397', '2000-10-25', 'F', 463207577, 968918877, 'rcc@gmail.com');
INSERT INTO PessoaFEUP (id, nome, morada, dataNasc, sexo, NIF, telefone, email) VALUES
    ('UP201800004', 'Carla Correia Almeida', 'Rua Antônio Bernardino da Costa, 547', '1999-05-21', 'F', 358955477, 945215071, 'ccalmeida@gmail.com');
INSERT INTO PessoaFEUP (id, nome, morada, dataNasc, sexo, NIF, telefone, email) VALUES
    ('UP201800005', 'José Silva Gomes', 'Rua Piracicaba, 1419', '1999-06-28', 'M', 886171453, 938543650, 'jsgomes@gmail.com');
INSERT INTO PessoaFEUP (id, nome, morada, dataNasc, sexo, NIF, telefone, email) VALUES
    ('UP201800006', 'Vitor Goncalves Ribeiro', 'Rua Serafim de Oliveira, 1860', '1999-12-28', 'M', 862776142, 826496716, 'vgribeiro@gmail.com');
INSERT INTO PessoaFEUP (id, nome, morada, dataNasc, sexo, NIF, telefone, email) VALUES
    ('UP201800007', 'Guilherme Souza Oliveira', 'Rua Francisco Custódio Pereira, 1445', '1999-01-05', 'M', 262306718, 842483925, 'gso@gmail.com');
INSERT INTO PessoaFEUP (id, nome, morada, dataNasc, sexo, NIF, telefone, email) VALUES
    ('UP201800008', 'Giovanna Almeida Barbosa', 'Rua E, 1101', '2000-10-31', 'F', 832543573, 930505156, 'gabarbosa@gmail.com');
INSERT INTO PessoaFEUP (id, nome, morada, dataNasc, sexo, NIF, telefone, email) VALUES
    ('UP201800009', 'Joao Sousa Rocha', 'Rua Gotthard Kunzli, 715', '2000-03-17', 'M', 731640385, 847025574, 'jsrocha@gmail.com');
INSERT INTO PessoaFEUP (id, nome, morada, dataNasc, sexo, NIF, telefone, email) VALUES
    ('UP201800010', 'Marcos Dias Azevedo', 'Rua Zambugueiro, 1542', '1999-07-29', 'M', 254936802, 992326162, 'mda@hotmail.com');
INSERT INTO PessoaFEUP (id, nome, morada, dataNasc, sexo, NIF, telefone, email) VALUES
    ('UP201800011', 'David Santos Araujo', 'Rua Primeiro de Maio, 1059', '1999-08-29', 'M', 901892778, 824388412, 'dsa@hotmail.com');
INSERT INTO PessoaFEUP (id, nome, morada, dataNasc, sexo, NIF, telefone, email) VALUES
    ('UP201800012', 'Gustavo Alves Azevedo', 'Rua Giordano Mochel, 393', '2000-01-03', 'M', 120138981, 966733850, 'gaa@yahoo.com');
INSERT INTO PessoaFEUP (id, nome, morada, dataNasc, sexo, NIF, telefone, email) VALUES
    ('UP201800013', 'Daniel Souza Barros', 'Rua Ilhéus, 1120', '2000-10-05', 'M', 357026295, 954815704, 'dsb@yahoo.com');
INSERT INTO PessoaFEUP (id, nome, morada, dataNasc, sexo, NIF, telefone, email) VALUES
    ('UP201800014', 'Amanda Rocha Melo', 'Praça Santo Antônio, 999', '2000-11-16', 'F', 966149869, 890908238, 'armelo@hotmail.com');
INSERT INTO PessoaFEUP (id, nome, morada, dataNasc, sexo, NIF, telefone, email) VALUES
    ('UP201800015', 'Marina Araujo Cunha', 'Rua Pedro Bonafe, 871', '2000-01-07', 'F', 507185029, 982416048, 'mac@gmail.com');
INSERT INTO PessoaFEUP (id, nome, morada, dataNasc, sexo, NIF, telefone, email) VALUES
    ('UP201800015', 'Isabelle Souza Barbosa', 'Rua Padre Miguel Assis, 736', '2000-02-25', 'F', 519698400, 965528897, 'IsabelleSouzaBarbosa@jourrapide.com');
INSERT INTO PessoaFEUP (id, nome, morada, dataNasc, sexo, NIF, telefone, email) VALUES
    ('UP201800018', 'Clara Ribeiro Melo', 'Praça Joaquim Pedro Rosa, 1205', '2000-11-26', 'F', 239317462, 69807295, 'ClaraRibeiroMelo@teleworm.us ');
INSERT INTO PessoaFEUP (id, nome, morada, dataNasc, sexo, NIF, telefone, email) VALUES
    ('UP201800019', 'Filipe Sousa Gomes', '1ª Travessa Alto Vila Rica, 1946', '2000-11-04', 'M', 614940534, 950546747, 'FelipeSouzaGomes@armyspy.com ');
INSERT INTO PessoaFEUP (id, nome, morada, dataNasc, sexo, NIF, telefone, email) VALUES
    ('UP201800020', 'Rodrigo Gomes Sousa', 'Beco Novo, 1620', '2000-09-08', 'M', 556386321, 934039307, 'RodrigoGomesSousa@dayrep.com');

INSERT INTO PessoaFEUP (id, nome, morada, dataNasc, sexo, NIF, telefone, email) VALUES
	('UP19990001', 'João Pereira Sousa', 'Quadra QR 110, 1666', '1978-09-17', 'M', 857386366, 983728476, 'JoaoPereiraSousa@dayrep.com');
INSERT INTO PessoaFEUP (id, nome, morada, dataNasc, sexo, NIF, telefone, email) VALUES
	('UP19900001', 'Carolina Cunha Barros', 'Rua Ícaro Ferreira da Costa, 555', '1967-03-08', 'F', 847362831, 963521097, 'CarolinaCunhaBarros@dayrep.com');
INSERT INTO PessoaFEUP (id, nome, morada, dataNasc, sexo, NIF, telefone, email) VALUES
	('UP19850001', 'Murilo Ferreira Sousa', 'Rua João da Silva Silveira, 1608', '1961-07-09', 'M', 462782701, 876092134, 'MuriloFerreiraSousa@teleworm.us');
INSERT INTO PessoaFEUP (id, nome, morada, dataNasc, sexo, NIF, telefone, email) VALUES
	('UP19870001', 'Filipe Almeida Pereira', 'Rua Caramuru, 576', '1966-11-28', 'M', 472942948, 832746209, 'FelipeAlmeidaPereira@jourrapide.com');
INSERT INTO PessoaFEUP (id, nome, morada, dataNasc, sexo, NIF, telefone, email) VALUES
	('UP19970001', 'Filipe Ferreira Castro', 'Rua Cônsul Walter, 1828', '1973-12-23', 'M', 734892348, 954356092, 'FelipeFerreiraCastro@teleworm.us');


--Estudante info insertion
INSERT INTO Estudante (id, anoInscricao, idCurso) VALUES ('UP201800001', 2018, 'MIEIC');
INSERT INTO Estudante (id, anoInscricao, idCurso) VALUES ('UP201800002', 2018, 'MIEEC');
INSERT INTO Estudante (id, anoInscricao, idCurso) VALUES ('UP201800003', 2018, 'MIEQ');
INSERT INTO Estudante (id, anoInscricao, idCurso) VALUES ('UP201800004', 2018, 'MIEA');
INSERT INTO Estudante (id, anoInscricao, idCurso) VALUES ('UP201800005', 2018, 'MIEGI');
INSERT INTO Estudante (id, anoInscricao, idCurso) VALUES ('UP201800006', 2018, 'MIEIC');
INSERT INTO Estudante (id, anoInscricao, idCurso) VALUES ('UP201800007', 2018, 'MIEIC');
INSERT INTO Estudante (id, anoInscricao, idCurso) VALUES ('UP201800008', 2018, 'MIEIC');
INSERT INTO Estudante (id, anoInscricao, idCurso) VALUES ('UP201800009', 2018, 'MIEIC');
INSERT INTO Estudante (id, anoInscricao, idCurso) VALUES ('UP201800010', 2018, 'MIEC');
INSERT INTO Estudante (id, anoInscricao, idCurso) VALUES ('UP201800011', 2018, 'MIEM');
INSERT INTO Estudante (id, anoInscricao, idCurso) VALUES ('UP201800012', 2018, 'MIEIC');
INSERT INTO Estudante (id, anoInscricao, idCurso) VALUES ('UP201800013', 2018, 'MIEIC');
INSERT INTO Estudante (id, anoInscricao, idCurso) VALUES ('UP201800014', 2018, 'MIEIC');
INSERT INTO Estudante (id, anoInscricao, idCurso) VALUES ('UP201800015', 2018, 'MIEIC');
INSERT INTO Estudante (id, anoInscricao, idCurso) VALUES ('UP201800016', 2018, 'MIEIC');
INSERT INTO Estudante (id, anoInscricao, idCurso) VALUES ('UP201800017', 2018, 'MIEIC');
INSERT INTO Estudante (id, anoInscricao, idCurso) VALUES ('UP201800018', 2018, 'MIEIC');
INSERT INTO Estudante (id, anoInscricao, idCurso) VALUES ('UP201800019', 2018, 'MIEIC');
INSERT INTO Estudante (id, anoInscricao, idCurso) VALUES ('UP201800020', 2018, 'MIEIC');


--Docente info insertion
INSERT INTO Docente (id, categoria, departamento) VALUES ('UP19990001', 'Professor Associado', 'Departamento de Engenharia Informática');
INSERT INTO Docente (id, categoria, departamento) VALUES ('UP19900001', 'Professor Auxiliar', 'Departamento de Engenharia Informática');
INSERT INTO Docente (id, categoria, departamento) VALUES ('UP19850001', 'Assistente Convidado', 'Departamento de Engenharia Informática');
INSERT INTO Docente (id, categoria, departamento) VALUES ('UP19870001', 'Professor Associado', 'Departamento de Engenharia Civil');
INSERT INTO Docente (id, categoria, departamento) VALUES ('UP19970001', 'Professor Auxiliar', 'Departamento de Engenharia Química');


--Curso info insertion
INSERT INTO Curso (idCurso, nome, grauAcademico, duracao, mediaEntrada, dataInicio) VALUES
	('MIEIC', 'Mestrado Integrado em Engenharia Informática e Computação', 'Mestre', 5, 16.5, '2006-01-01 10:00:00');
INSERT INTO Curso (idCurso, nome, grauAcademico, duracao, mediaEntrada, dataInicio) VALUES
	('MIEEC', 'Mestrado Integrado em Engenharia Eletrotécnica e Computadores', 'Mestre', 5, 15, '1990-01-01 10:00:00');
INSERT INTO Curso (idCurso, nome, grauAcademico, duracao, mediaEntrada, dataInicio) VALUES
	('MIEC', 'Mestrado Integrado em Engenharia Civil', 'Mestre', 5, 15, '1980-01-01 10:00:00');
INSERT INTO Curso (idCurso, nome, grauAcademico, duracao, mediaEntrada, dataInicio) VALUES
	('MIEQ', 'Mestrado Integrado em Engenharia Química', 'Mestre', 5, 15, '1990-01-01 10:00:00');
INSERT INTO Curso (idCurso, nome, grauAcademico, duracao, mediaEntrada, dataInicio) VALUES
	('MIEA', 'Mestrado Integrado em Engenharia do Ambiente', 'Mestre', 5, 15, '1995-01-01 10:00:00');
INSERT INTO Curso (idCurso, nome, grauAcademico, duracao, mediaEntrada, dataInicio) VALUES
	('MIEGI', 'Mestrado Integrado em Engenharia de Gestão Industrial', 'Mestre', 5, 15, '1995-01-01 10:00:00');
INSERT INTO Curso (idCurso, nome, grauAcademico, duracao, mediaEntrada, dataInicio) VALUES
	('MIEM', 'Mestrado Integrado em Engenharia Mecânica', 'Mestre', 5, 15, '1995-01-01 10:00:00');


--Cadeira info insertion
INSERT INTO Cadeira (idCadeira, nome, creditos, idCurso) VALUES
	('MIEIC-BDAD', 'Base de Dados', 6, 'MIEIC');
INSERT INTO Cadeira (idCadeira, nome, creditos, idCurso) VALUES
	('MIEIC-LPOO', 'Laboratório de Programação Orientada a Objetos', 7.5, 'MIEIC');
INSERT INTO Cadeira (idCadeira, nome, creditos, idCurso) VALUES
	('MIEIC-SOPE', 'Sistemas Operativos', 6, 'MIEIC');
INSERT INTO Cadeira (idCadeira, nome, creditos, idCurso) VALUES
	('MIEIC-CAL', 'Concepção e Análise de Algoritmos', 6, 'MIEIC');
INSERT INTO Cadeira (idCadeira, nome, creditos, idCurso) VALUES
	('MIEIC-CGRA', 'Computação Gráfica', 4.5, 'MIEIC');
INSERT INTO Cadeira (idCadeira, nome, creditos, idCurso) VALUES
	('MIEIC-AMAT', 'Análise Matemática', 6, 'MIEIC');
INSERT INTO Cadeira (idCadeira, nome, creditos, idCurso) VALUES
	('MIEIC-CMAT', 'Complementos de Matemática', 6, 'MIEIC');
INSERT INTO Cadeira (idCadeira, nome, creditos, idCurso) VALUES
	('MIEIC-FISI1', 'Física 1', 6, 'MIEIC');
INSERT INTO Cadeira (idCadeira, nome, creditos, idCurso) VALUES
	('MIEIC-FISI2', 'Física 2', 6, 'MIEIC');
INSERT INTO Cadeira (idCadeira, nome, creditos, idCurso) VALUES
	('MIEIC-PF', 'Projeto FEUP', 1.5, 'MIEIC');
INSERT INTO Cadeira (idCadeira, nome, creditos, idCurso) VALUES
	('MIEIC-LCOM', 'Laboratório de Computadores', 6, 'MIEIC');
INSERT INTO Cadeira (idCadeira, nome, creditos, idCurso) VALUES
	('MIEIC-FPRO', 'Fundamentos de Programação', 6, 'MIEIC');
INSERT INTO Cadeira (idCadeira, nome, creditos, idCurso) VALUES
	('MIEIC-PROG', 'Programação', 6, 'MIEIC');
INSERT INTO Cadeira (idCadeira, nome, creditos, idCurso) VALUES
	('MIEIC-TCOM', 'Teoria da Computação', 6, 'MIEIC');
INSERT INTO Cadeira (idCadeira, nome, creditos, idCurso) VALUES
	('MIEEC-AMAT', 'Análise Matemática', 6, 'MIEEC');
INSERT INTO Cadeira (idCadeira, nome, creditos, idCurso) VALUES
	('MIEC-AMAT', 'Análise Matemática', 6, 'MIEC');
INSERT INTO Cadeira (idCadeira, nome, creditos, idCurso) VALUES
	('MIEQ-AMAT', 'Análise Matemática', 6, 'MIEQ');
INSERT INTO Cadeira (idCadeira, nome, creditos, idCurso) VALUES
	('MIEA-AMAT', 'Análise Matemática', 6, 'MIEA');
INSERT INTO Cadeira (idCadeira, nome, creditos, idCurso) VALUES
	('MIEM-AMAT', 'Análise Matemática', 6, 'MIEM');
INSERT INTO Cadeira (idCadeira, nome, creditos, idCurso) VALUES
	('MIEGI-AMAT', 'Análise Matemática', 6, 'MIEGI');


--OcorrenciaCadeira info insertion
INSERT INTO OcorrenciaCadeira (idOcorrenciaCadeira, idCadeira) VALUES ('turvdzucldzpmzohenwm', 'MIEIC-BDAD');
INSERT INTO OcorrenciaCadeira (idOcorrenciaCadeira, idCadeira) VALUES ('cefiahhwfijhnhscednv', 'MIEIC-BDAD');
INSERT INTO OcorrenciaCadeira (idOcorrenciaCadeira, idCadeira) VALUES ('lyvogymnyhltnqpuiwmy', 'MIEIC-SOPE');
INSERT INTO OcorrenciaCadeira (idOcorrenciaCadeira, idCadeira) VALUES ('igdijspbahlzmngoipwv', 'MIEIC-LCOM');
INSERT INTO OcorrenciaCadeira (idOcorrenciaCadeira, idCadeira) VALUES ('qhrayebeajqrnasgwutg', 'MIEIC-LPOO');
INSERT INTO OcorrenciaCadeira (idOcorrenciaCadeira, idCadeira) VALUES ('nsslmoydqntwnpfnoeuu', 'MIEIC-CGRA');
INSERT INTO OcorrenciaCadeira (idOcorrenciaCadeira, idCadeira) VALUES ('snoxoxoqctxqfyurzysm', 'MIEIC-CAL');
INSERT INTO OcorrenciaCadeira (idOcorrenciaCadeira, idCadeira) VALUES ('pshapuglqjszuhxkzhbl', 'MIEEC-AMAT');
INSERT INTO OcorrenciaCadeira (idOcorrenciaCadeira, idCadeira) VALUES ('hqqmbvwstfntexzrwuxk', 'MIEC-AMAT');
INSERT INTO OcorrenciaCadeira (idOcorrenciaCadeira, idCadeira) VALUES ('hsanpcgyydslybfqtnai', 'MIEQ-AMAT');
INSERT INTO OcorrenciaCadeira (idOcorrenciaCadeira, idCadeira) VALUES ('pmbumadztmtxkdtxjizi', 'MIEA-AMAT');
INSERT INTO OcorrenciaCadeira (idOcorrenciaCadeira, idCadeira) VALUES ('mhgpjangbhlmettcsdrf', 'MIEM-AMAT');
INSERT INTO OcorrenciaCadeira (idOcorrenciaCadeira, idCadeira) VALUES ('eardfmtshmjeassvxkfl', 'MIEGI-AMAT');
INSERT INTO OcorrenciaCadeira (idOcorrenciaCadeira, idCadeira) VALUES ('icrqpsxbvpizccwukzfk', 'MIEIC-PF');
INSERT INTO OcorrenciaCadeira (idOcorrenciaCadeira, idCadeira) VALUES ('humqjnwovpuwqtyvbfoy', 'MIEIC-FISI1');
INSERT INTO OcorrenciaCadeira (idOcorrenciaCadeira, idCadeira) VALUES ('bhumyauywlldxflmzwyz', 'MIEIC-FISI2');
INSERT INTO OcorrenciaCadeira (idOcorrenciaCadeira, idCadeira) VALUES ('fkmwdmmswmoehjnworss', 'MIEIC-CMAT');
INSERT INTO OcorrenciaCadeira (idOcorrenciaCadeira, idCadeira) VALUES ('qtixskbiuaipwugmwbfd', 'MIEIC-AMAT');
INSERT INTO OcorrenciaCadeira (idOcorrenciaCadeira, idCadeira) VALUES ('bbwhrkbjenhvyplwqwtq', 'MIEIC-FPRO');
INSERT INTO OcorrenciaCadeira (idOcorrenciaCadeira, idCadeira) VALUES ('emqpjuwkhsnixtlsenhw', 'MIEIC-PROG');


--ComponenteAvaliacao info insertion
INSERT INTO ComponenteAvaliacao (idComponenteAvaliacao, nome, idOcorrenciaCadeira) VALUES ('A01', 'BDAD Projeto Entrega 1', 'turvdzucldzpmzohenwm');
INSERT INTO ComponenteAvaliacao (idComponenteAvaliacao, nome, idOcorrenciaCadeira) VALUES ('A02', 'BDAD Projeto Entrega 2', 'turvdzucldzpmzohenwm');
INSERT INTO ComponenteAvaliacao (idComponenteAvaliacao, nome, idOcorrenciaCadeira) VALUES ('A03', 'BDAD Projeto Entrega 1', 'turvdzucldzpmzohenwm');
INSERT INTO ComponenteAvaliacao (idComponenteAvaliacao, nome, idOcorrenciaCadeira) VALUES ('A04', 'AMAT Teste 1', 'cefiahhwfijhnhscednv');
INSERT INTO ComponenteAvaliacao (idComponenteAvaliacao, nome, idOcorrenciaCadeira) VALUES ('A05', 'AMAT Teste 2', 'cefiahhwfijhnhscednv');
INSERT INTO ComponenteAvaliacao (idComponenteAvaliacao, nome, idOcorrenciaCadeira) VALUES ('A06', 'AMAT Teste 3', 'cefiahhwfijhnhscednv');
INSERT INTO ComponenteAvaliacao (idComponenteAvaliacao, nome, idOcorrenciaCadeira) VALUES ('A07', 'LPOO Exame', 'igdijspbahlzmngoipwv');
INSERT INTO ComponenteAvaliacao (idComponenteAvaliacao, nome, idOcorrenciaCadeira) VALUES ('A08', 'FPRO Test 1', 'hsanpcgyydslybfqtnai');
INSERT INTO ComponenteAvaliacao (idComponenteAvaliacao, nome, idOcorrenciaCadeira) VALUES ('B01', 'CAL Proj 1', 'pshapuglqjszuhxkzhbl');
INSERT INTO ComponenteAvaliacao (idComponenteAvaliacao, nome, idOcorrenciaCadeira) VALUES ('B03', 'CAL Proj 3', 'pshapuglqjszuhxkzhbl');

--Nota info insertion
INSERT INTO Nota (idNota, nota, idComponenteAvaliacao) VALUES ('001', 18, 'A01');
INSERT INTO Nota (idNota, nota, idComponenteAvaliacao) VALUES ('002', 20, 'A01');
INSERT INTO Nota (idNota, nota, idComponenteAvaliacao) VALUES ('003', 12, 'A01');
INSERT INTO Nota (idNota, nota, idComponenteAvaliacao) VALUES ('004', 18, 'A02');
INSERT INTO Nota (idNota, nota, idComponenteAvaliacao) VALUES ('005', 18, 'A02');
INSERT INTO Nota (idNota, nota, idComponenteAvaliacao) VALUES ('006', 18, 'A03');
INSERT INTO Nota (idNota, nota, idComponenteAvaliacao) VALUES ('019', 0, 'A07');
INSERT INTO Nota (idNota, nota, idComponenteAvaliacao) VALUES ('031', 19, 'A07');
INSERT INTO Nota (idNota, nota, idComponenteAvaliacao) VALUES ('032', 8, 'A07');
INSERT INTO Nota (idNota, nota, idComponenteAvaliacao) VALUES ('033', 8, 'A07');
INSERT INTO Nota (idNota, nota, idComponenteAvaliacao) VALUES ('034', 10, 'A07');
INSERT INTO Nota (idNota, nota, idComponenteAvaliacao) VALUES ('035', 20, 'A07');
INSERT INTO Nota (idNota, nota, idComponenteAvaliacao) VALUES ('036', 8, 'A07');
INSERT INTO Nota (idNota, nota, idComponenteAvaliacao) VALUES ('037', 8, 'A07');
INSERT INTO Nota (idNota, nota, idComponenteAvaliacao) VALUES ('041', 11, 'B01');
INSERT INTO Nota (idNota, nota, idComponenteAvaliacao) VALUES ('042', 8, 'B01');
INSERT INTO Nota (idNota, nota, idComponenteAvaliacao) VALUES ('043', 9, 'B01');
INSERT INTO Nota (idNota, nota, idComponenteAvaliacao) VALUES ('044', 20, 'B01');
INSERT INTO Nota (idNota, nota, idComponenteAvaliacao) VALUES ('045', 20, 'B01');


--EstudanteOcorrenciaCadeira info insertion
INSERT INTO EstudanteOcorrenciaCadeira (id, idOcorrenciaCadeira) VALUES ('UP201800001', 'turvdzucldzpmzohenwm');
INSERT INTO EstudanteOcorrenciaCadeira (id, idOcorrenciaCadeira) VALUES ('UP201800002', 'pshapuglqjszuhxkzhbl');
INSERT INTO EstudanteOcorrenciaCadeira (id, idOcorrenciaCadeira) VALUES ('UP201800003', 'hsanpcgyydslybfqtnai');
INSERT INTO EstudanteOcorrenciaCadeira (id, idOcorrenciaCadeira) VALUES ('UP201800004', 'pmbumadztmtxkdtxjizi');
INSERT INTO EstudanteOcorrenciaCadeira (id, idOcorrenciaCadeira) VALUES ('UP201800005', 'eardfmtshmjeassvxkfl');
INSERT INTO EstudanteOcorrenciaCadeira (id, idOcorrenciaCadeira) VALUES ('UP201800006', 'cefiahhwfijhnhscednv');
INSERT INTO EstudanteOcorrenciaCadeira (id, idOcorrenciaCadeira) VALUES ('UP201800007', 'lyvogymnyhltnqpuiwmy');
INSERT INTO EstudanteOcorrenciaCadeira (id, idOcorrenciaCadeira) VALUES ('UP201800008', 'igdijspbahlzmngoipwv');
INSERT INTO EstudanteOcorrenciaCadeira (id, idOcorrenciaCadeira) VALUES ('UP201800009', 'qhrayebeajqrnasgwutg');
INSERT INTO EstudanteOcorrenciaCadeira (id, idOcorrenciaCadeira) VALUES ('UP201800010', 'hqqmbvwstfntexzrwuxk');
INSERT INTO EstudanteOcorrenciaCadeira (id, idOcorrenciaCadeira) VALUES ('UP201800011', 'mhgpjangbhlmettcsdrf');
INSERT INTO EstudanteOcorrenciaCadeira (id, idOcorrenciaCadeira) VALUES ('UP201800012', 'nsslmoydqntwnpfnoeuu');
INSERT INTO EstudanteOcorrenciaCadeira (id, idOcorrenciaCadeira) VALUES ('UP201800013', 'snoxoxoqctxqfyurzysm');
INSERT INTO EstudanteOcorrenciaCadeira (id, idOcorrenciaCadeira) VALUES ('UP201800014', 'icrqpsxbvpizccwukzfk');
INSERT INTO EstudanteOcorrenciaCadeira (id, idOcorrenciaCadeira) VALUES ('UP201800015', 'humqjnwovpuwqtyvbfoy');
INSERT INTO EstudanteOcorrenciaCadeira (id, idOcorrenciaCadeira) VALUES ('UP201800016', 'bhumyauywlldxflmzwyz');
INSERT INTO EstudanteOcorrenciaCadeira (id, idOcorrenciaCadeira) VALUES ('UP201800017', 'fkmwdmmswmoehjnworss');
INSERT INTO EstudanteOcorrenciaCadeira (id, idOcorrenciaCadeira) VALUES ('UP201800018', 'qtixskbiuaipwugmwbfd');
INSERT INTO EstudanteOcorrenciaCadeira (id, idOcorrenciaCadeira) VALUES ('UP201800019', 'bbwhrkbjenhvyplwqwtq');
INSERT INTO EstudanteOcorrenciaCadeira (id, idOcorrenciaCadeira) VALUES ('UP201800020', 'emqpjuwkhsnixtlsenhw');

--EstudanteComponenteAvaliacao info insertion
INSERT INTO EstudanteComponenteAvaliacao (id, idComponenteAvaliacao) VALUES ('UP201800001', 'A01');
INSERT INTO EstudanteComponenteAvaliacao (id, idComponenteAvaliacao) VALUES ('UP201800001', 'A02');
INSERT INTO EstudanteComponenteAvaliacao (id, idComponenteAvaliacao) VALUES ('UP201800001', 'A03');
INSERT INTO EstudanteComponenteAvaliacao (id, idComponenteAvaliacao) VALUES ('UP201800002', 'A01');
INSERT INTO EstudanteComponenteAvaliacao (id, idComponenteAvaliacao) VALUES ('UP201800002', 'A02');
INSERT INTO EstudanteComponenteAvaliacao (id, idComponenteAvaliacao) VALUES ('UP201800002', 'A03');
INSERT INTO EstudanteComponenteAvaliacao (id, idComponenteAvaliacao) VALUES ('UP201800003', 'A01');
INSERT INTO EstudanteComponenteAvaliacao (id, idComponenteAvaliacao) VALUES ('UP201800004', 'A01');
INSERT INTO EstudanteComponenteAvaliacao (id, idComponenteAvaliacao) VALUES ('UP201800005', 'A01');
INSERT INTO EstudanteComponenteAvaliacao (id, idComponenteAvaliacao) VALUES ('UP201800006', 'A01');
INSERT INTO EstudanteComponenteAvaliacao (id, idComponenteAvaliacao) VALUES ('UP201800007', 'A01');
INSERT INTO EstudanteComponenteAvaliacao (id, idComponenteAvaliacao) VALUES ('UP201800008', 'A01');
INSERT INTO EstudanteComponenteAvaliacao (id, idComponenteAvaliacao) VALUES ('UP201800009', 'A01');
INSERT INTO EstudanteComponenteAvaliacao (id, idComponenteAvaliacao) VALUES ('UP201800010', 'A01');
INSERT INTO EstudanteComponenteAvaliacao (id, idComponenteAvaliacao) VALUES ('UP201800011', 'A01');
INSERT INTO EstudanteComponenteAvaliacao (id, idComponenteAvaliacao) VALUES ('UP201800012', 'A01');
INSERT INTO EstudanteComponenteAvaliacao (id, idComponenteAvaliacao) VALUES ('UP201800013', 'A01');
INSERT INTO EstudanteComponenteAvaliacao (id, idComponenteAvaliacao) VALUES ('UP201800014', 'A01');
INSERT INTO EstudanteComponenteAvaliacao (id, idComponenteAvaliacao) VALUES ('UP201800015', 'A01');
INSERT INTO EstudanteComponenteAvaliacao (id, idComponenteAvaliacao) VALUES ('UP201800016', 'A01');
INSERT INTO EstudanteComponenteAvaliacao (id, idComponenteAvaliacao) VALUES ('UP201800017', 'A01');
INSERT INTO EstudanteComponenteAvaliacao (id, idComponenteAvaliacao) VALUES ('UP201800018', 'A01');
INSERT INTO EstudanteComponenteAvaliacao (id, idComponenteAvaliacao) VALUES ('UP201800019', 'A01');
INSERT INTO EstudanteComponenteAvaliacao (id, idComponenteAvaliacao) VALUES ('UP201800020', 'A01');

--CadeiraDocente info insertion
INSERT INTO CadeiraDocente (id, idCadeira) VALUES ('UP19990001', 'MIEIC-BDAD');
INSERT INTO CadeiraDocente (id, idCadeira) VALUES ('UP19900001', 'MIEIC-BDAD');
INSERT INTO CadeiraDocente (id, idCadeira) VALUES ('UP19850001', 'MIEIC-BDAD');
INSERT INTO CadeiraDocente (id, idCadeira) VALUES ('UP19870001', 'MIEIC-BDAD');
INSERT INTO CadeiraDocente (id, idCadeira) VALUES ('UP19970001', 'MIEIC-BDAD');
INSERT INTO CadeiraDocente (id, idCadeira) VALUES ('UP19990001', 'MIEIC-CMAT');
INSERT INTO CadeiraDocente (id, idCadeira) VALUES ('UP19900001', 'MIEIC-CMAT');
INSERT INTO CadeiraDocente (id, idCadeira) VALUES ('UP19850001', 'MIEIC-CMAT');
INSERT INTO CadeiraDocente (id, idCadeira) VALUES ('UP19870001', 'MIEIC-CMAT');
INSERT INTO CadeiraDocente (id, idCadeira) VALUES ('UP19970001', 'MIEIC-CMAT');




--Epoca info insertion
INSERT INTO Epoca (idEpoca, anoLetivo, semestre) VALUES ('2019-2020-2', '2019-2020', 'Segundo');
INSERT INTO Epoca (idEpoca, anoLetivo, semestre) VALUES ('2019-2020-1', '2019-2020', 'Primeiro');
INSERT INTO Epoca (idEpoca, anoLetivo, semestre) VALUES ('2018-2019-2', '2018-2019', 'Segundo');
INSERT INTO Epoca (idEpoca, anoLetivo, semestre) VALUES ('2018-2019-1', '2018-2019', 'Primeiro');
INSERT INTO Epoca (idEpoca, anoLetivo, semestre) VALUES ('2017-2018-2', '2017-2018', 'Segundo');
INSERT INTO Epoca (idEpoca, anoLetivo, semestre) VALUES ('2017-2018-1', '2017-2018', 'Primeiro');



--OcorrenciaCadeiraEpoca
INSERT INTO OcorrenciaCadeiraEpoca (idOcorrenciaCadeira, idEpoca) VALUES ('3', '2019-2020-2');
INSERT INTO OcorrenciaCadeiraEpoca (idOcorrenciaCadeira, idEpoca) VALUES ('5', '2019-2020-1'); 
INSERT INTO OcorrenciaCadeiraEpoca (idOcorrenciaCadeira, idEpoca) VALUES ('2', '2018-2019-2'); 
INSERT INTO OcorrenciaCadeiraEpoca (idOcorrenciaCadeira, idEpoca) VALUES ('5', '2018-2019-1'); 
INSERT INTO OcorrenciaCadeiraEpoca (idOcorrenciaCadeira, idEpoca) VALUES ('2', '2017-2018-2'); 
INSERT INTO OcorrenciaCadeiraEpoca (idOcorrenciaCadeira, idEpoca) VALUES ('1', '2017-2018-1'); 
INSERT INTO OcorrenciaCadeiraEpoca (idOcorrenciaCadeira, idEpoca) VALUES ('4', '2016-2017-2'); 
INSERT INTO OcorrenciaCadeiraEpoca (idOcorrenciaCadeira, idEpoca) VALUES ('6', '2016-2017-1'); 
INSERT INTO OcorrenciaCadeiraEpoca (idOcorrenciaCadeira, idEpoca) VALUES ('3', '2015-2016-2'); 
INSERT INTO OcorrenciaCadeiraEpoca (idOcorrenciaCadeira, idEpoca) VALUES ('2', '2015-2016-1'); 
INSERT INTO OcorrenciaCadeiraEpoca (idOcorrenciaCadeira, idEpoca) VALUES ('4', '2014-2015-2'); 
INSERT INTO OcorrenciaCadeiraEpoca (idOcorrenciaCadeira, idEpoca) VALUES ('6', '2014-2015-1'); 
INSERT INTO OcorrenciaCadeiraEpoca (idOcorrenciaCadeira, idEpoca) VALUES ('4', '2013-2014-2'); 
INSERT INTO OcorrenciaCadeiraEpoca (idOcorrenciaCadeira, idEpoca) VALUES ('1', '2013-2014-1'); 
INSERT INTO OcorrenciaCadeiraEpoca (idOcorrenciaCadeira, idEpoca) VALUES ('8', '2012-2013-2'); 
INSERT INTO OcorrenciaCadeiraEpoca (idOcorrenciaCadeira, idEpoca) VALUES ('3', '2012-2013-1'); 
INSERT INTO OcorrenciaCadeiraEpoca (idOcorrenciaCadeira, idEpoca) VALUES ('5', '2011-2012-2'); 
INSERT INTO OcorrenciaCadeiraEpoca (idOcorrenciaCadeira, idEpoca) VALUES ('3', '2011-2012-1'); 
INSERT INTO OcorrenciaCadeiraEpoca (idOcorrenciaCadeira, idEpoca) VALUES ('1', '2010-2011-2'); 
INSERT INTO OcorrenciaCadeiraEpoca (idOcorrenciaCadeira, idEpoca) VALUES ('1', '2010-2011-1'); 

--TurmaPratica info insertion
INSERT INTO TurmaPratica (idTurmaPratica, numEstudantes, diaSemana, horaInicio, horaFim, idCadeira) VALUES
	('MIEIC-BDAD01', 1, 'Segunda-Feira', '10:00:00', '12:00:00', 'MIEIC-BDAD');
INSERT INTO TurmaPratica (idTurmaPratica, numEstudantes, diaSemana, horaInicio, horaFim, idCadeira) VALUES
	('MIEIC-BDAD02', 1, 'Terça-Feira', '10:00:00', '12:00:00', 'MIEIC-BDAD');
INSERT INTO TurmaPratica (idTurmaPratica, numEstudantes, diaSemana, horaInicio, horaFim, idCadeira) VALUES
	('MIEIC-CAL01', 1, 'Quarta-Feira', '08:00:00', '10:00:00', 'MIEIC-CAL');
INSERT INTO TurmaPratica (idTurmaPratica, numEstudantes, diaSemana, horaInicio, horaFim, idCadeira) VALUES
	('MIEIC-SOPE01', 1, 'Quinta-Feira', '08:00:00', '12:00:00', 'MIEIC-SOPE');
INSERT INTO TurmaPratica (idTurmaPratica, numEstudantes, diaSemana, horaInicio, horaFim, idCadeira) VALUES
	('MIEIC-LPOO01', 1, 'Sexta-Feira', '15:00:00', '18:00:00', 'MIEIC-LPOO');
INSERT INTO TurmaPratica (idTurmaPratica, numEstudantes, diaSemana, horaInicio, horaFim, idCadeira) VALUES
	('MIEIC-CGRA01', 1, 'Terça-Feira', '10:00:00', '12:00:00', 'MIEIC-CGRA');
INSERT INTO TurmaPratica (idTurmaPratica, numEstudantes, diaSemana, horaInicio, horaFim, idCadeira) VALUES
	('MIEIC-PF01', 1, 'Segunda-Feira', '15:00:00', '16:00:00', 'MIEIC-PF');
INSERT INTO TurmaPratica (idTurmaPratica, numEstudantes, diaSemana, horaInicio, horaFim, idCadeira) VALUES
	('MIEIC-AMAT01', 1, 'Segunda-Feira', '14:00:00', '15:00:00', 'MIEIC-AMAT');
INSERT INTO TurmaPratica (idTurmaPratica, numEstudantes, diaSemana, horaInicio, horaFim, idCadeira) VALUES
	('MIEEC-AMAT01', 1, 'Quinta-Feira', '10:00:00', '13:00:00', 'MIEEC-AMAT');
INSERT INTO TurmaPratica (idTurmaPratica, numEstudantes, diaSemana, horaInicio, horaFim, idCadeira) VALUES
	('MIEQ-AMAT01', 1, 'Quarta-Feira', '10:00:00', '12:00:00', 'MIEQ-AMAT');
INSERT INTO TurmaPratica (idTurmaPratica, numEstudantes, diaSemana, horaInicio, horaFim, idCadeira) VALUES
	('MIEC-AMAT01', 1, 'Sexta-Feira', '10:00:00', '12:00:00', 'MIEC-AMAT');
INSERT INTO TurmaPratica (idTurmaPratica, numEstudantes, diaSemana, horaInicio, horaFim, idCadeira) VALUES
	('MIEGI-AMAT01', 1, 'Segunda-Feira', '10:00:00', '12:00:00', 'MIEGI-AMAT');
INSERT INTO TurmaPratica (idTurmaPratica, numEstudantes, diaSemana, horaInicio, horaFim, idCadeira) VALUES
	('MIEA-AMAT01', 1, 'Quarta-Feira', '10:00:00', '12:00:00', 'MIEA-AMAT');
INSERT INTO TurmaPratica (idTurmaPratica, numEstudantes, diaSemana, horaInicio, horaFim, idCadeira) VALUES
	('MIEM-AMAT01', 1, 'Terça-Feira', '10:00:00', '12:00:00', 'MIEM-AMAT');
INSERT INTO TurmaPratica (idTurmaPratica, numEstudantes, diaSemana, horaInicio, horaFim, idCadeira) VALUES
	('MIEIC-PROG01', 1, 'Segunda-Feira', '10:00:00', '12:00:00', 'MIEIC-PROG');
INSERT INTO TurmaPratica (idTurmaPratica, numEstudantes, diaSemana, horaInicio, horaFim, idCadeira) VALUES
	('MIEIC-FPRO01', 1, 'Segunda-Feira', '10:00:00', '12:00:00', 'MIEIC-FPRO');






SELECT *
FROM PessoaFEUP;