PRAGMA foreign_keys = on;

--PessoaFEUP info insertion
INSERT INTO PessoaFEUP (id, nome, morada, dataNasc, sexo, NIF, telefone, email) VALUES
	('UP201800001', 'João Sousa da Silva', 'Rua Lael Ferreira, 429', '1999-01-01', 'M', 393201029, 9384928392, 'jss@gmail.com');
INSERT INTO PessoaFEUP (id, nome, morada, dataNasc, sexo, NIF, telefone, email) VALUES
    ('UP201800002', 'Joao Melo Araujo', 'Rua Morrinhos, 1018', '2000-01-19', 'M', 902867607, 997375190, 'jma@gmail.com');
INSERT INTO PessoaFEUP (id, nome, morada, dataNasc, sexo, NIF, telefone, email) VALUES
    ('UP201800003', 'Rebeca Cardoso Correia', 'Rua Antônio Marinho Mendonça, 1397', '2000-10-25', 'F', 463207577, 968918877, 'rcc@gmail.com');
INSERT INTO PessoaFEUP (id, nome, morada, dataNasc, sexo, NIF, telefone, email) VALUES
    ('UP201800004', 'Carla Correia Almeida', 'Rua Antônio Bernardino da Costa, 547', '1999-05-21', 'F', 358955477, 945215071, 'ccalmeida@gmail.com');
INSERT INTO PessoaFEUP (id, nome, morada, dataNasc, sexo, NIF, telefone, email) VALUES
    ('UP201800005', 'José Silva Gomes', 'Rua Piracicaba, 1419', '1999-06-28', 'M', 886171453, 938543650, 'jsgomes@gmail.com');
INSERT INTO PessoaFEUP (id, nome, morada, dataNasc, sexo, NIF, telefone, email) VALUES
    ('UP201800006', 'Vitor Goncalves Ribeiro', 'Rua Serafim de Oliveira, 1860', '1999-12-28', 'M', 862776142, 826496716, 'vgribeiro@gmail.com');
INSERT INTO PessoaFEUP (id, nome, morada, dataNasc, sexo, NIF, telefone, email) VALUES
    ('UP201800007', 'Guilherme Souza Oliveira', 'Rua Francisco Custódio Pereira, 1445', '1999-01-05', 'M', 262306718, 842483925, 'gso@gmail.com');
INSERT INTO PessoaFEUP (id, nome, morada, dataNasc, sexo, NIF, telefone, email) VALUES
    ('UP201800008', 'Giovanna Almeida Barbosa', 'Rua E, 1101', '2000-10-31', 'F', 832543573, 930505156, 'gabarbosa@gmail.com');
INSERT INTO PessoaFEUP (id, nome, morada, dataNasc, sexo, NIF, telefone, email) VALUES
    ('UP201800009', 'Joao Sousa Rocha', 'Rua Gotthard Kunzli, 715', '2000-03-17', 'M', 731640385, 847025574, 'jsrocha@gmail.com');
INSERT INTO PessoaFEUP (id, nome, morada, dataNasc, sexo, NIF, telefone, email) VALUES
    ('UP201800010', 'Marcos Dias Azevedo', 'Rua Zambugueiro, 1542', '1999-07-29', 'M', 254936802, 992326162, 'mda@hotmail.com');
INSERT INTO PessoaFEUP (id, nome, morada, dataNasc, sexo, NIF, telefone, email) VALUES
    ('UP201800011', 'David Santos Araujo', 'Rua Primeiro de Maio, 1059', '1999-08-29', 'M', 901892778, 824388412, 'dsa@hotmail.com');
INSERT INTO PessoaFEUP (id, nome, morada, dataNasc, sexo, NIF, telefone, email) VALUES
    ('UP201800012', 'Gustavo Alves Azevedo', 'Rua Giordano Mochel, 393', '2000-01-03', 'M', 120138981, 966733850, 'gaa@yahoo.com');
INSERT INTO PessoaFEUP (id, nome, morada, dataNasc, sexo, NIF, telefone, email) VALUES
    ('UP201800013', 'Daniel Souza Barros', 'Rua Ilhéus, 1120', '2000-10-05', 'M', 357026295, 954815704, 'dsb@yahoo.com');
INSERT INTO PessoaFEUP (id, nome, morada, dataNasc, sexo, NIF, telefone, email) VALUES
    ('UP201800014', 'Amanda Rocha Melo', 'Praça Santo Antônio, 999', '2000-11-16', 'F', 966149869, 890908238, 'armelo@hotmail.com');
INSERT INTO PessoaFEUP (id, nome, morada, dataNasc, sexo, NIF, telefone, email) VALUES
    ('UP201800015', 'Marina Araujo Cunha', 'Rua Pedro Bonafe, 871', '2000-01-07', 'F', 507185029, 982416048, 'mac@gmail.com');
INSERT INTO PessoaFEUP (id, nome, morada, dataNasc, sexo, NIF, telefone, email) VALUES
    ('UP201800015', 'Isabelle Souza Barbosa', 'Rua Padre Miguel Assis, 736', '2000-02-25', 'F', 519698400, 965528897, 'IsabelleSouzaBarbosa@jourrapide.com');
INSERT INTO PessoaFEUP (id, nome, morada, dataNasc, sexo, NIF, telefone, email) VALUES
    ('UP201800018', 'Clara Ribeiro Melo', 'Praça Joaquim Pedro Rosa, 1205', '2000-11-26', 'F', 239317462, 69807295, 'ClaraRibeiroMelo@teleworm.us ');
INSERT INTO PessoaFEUP (id, nome, morada, dataNasc, sexo, NIF, telefone, email) VALUES
    ('UP201800019', 'Filipe Sousa Gomes', '1ª Travessa Alto Vila Rica, 1946', '2000-11-04', 'M', 614940534, 950546747, 'FelipeSouzaGomes@armyspy.com ');
INSERT INTO PessoaFEUP (id, nome, morada, dataNasc, sexo, NIF, telefone, email) VALUES
    ('UP201800020', 'Rodrigo Gomes Sousa', 'Beco Novo, 1620', '2000-09-08', 'M', 556386321, 934039307, 'RodrigoGomesSousa@dayrep.com');

INSERT INTO PessoaFEUP (id, nome, morada, dataNasc, sexo, NIF, telefone, email) VALUES
	('UP19990001', 'João Pereira Sousa', 'Quadra QR 110, 1666', '1978-09-17', 'M', 857386366, 983728476, 'JoaoPereiraSousa@dayrep.com');
INSERT INTO PessoaFEUP (id, nome, morada, dataNasc, sexo, NIF, telefone, email) VALUES
	('UP19900001', 'Carolina Cunha Barros', 'Rua Ícaro Ferreira da Costa, 555', '1967-03-08', 'F', 847362831, 963521097, 'CarolinaCunhaBarros@dayrep.com');
INSERT INTO PessoaFEUP (id, nome, morada, dataNasc, sexo, NIF, telefone, email) VALUES
	('UP19850001', 'Murilo Ferreira Sousa', 'Rua João da Silva Silveira, 1608', '1961-07-09', 'M', 462782701, 876092134, 'MuriloFerreiraSousa@teleworm.us');
INSERT INTO PessoaFEUP (id, nome, morada, dataNasc, sexo, NIF, telefone, email) VALUES
	('UP19870001', 'Filipe Almeida Pereira', 'Rua Caramuru, 576', '1966-11-28', 'M', 472942948, 832746209, 'FelipeAlmeidaPereira@jourrapide.com');
INSERT INTO PessoaFEUP (id, nome, morada, dataNasc, sexo, NIF, telefone, email) VALUES
	('UP19970001', 'Filipe Ferreira Castro', 'Rua Cônsul Walter, 1828', '1973-12-23', 'M', 734892348, 954356092, 'FelipeFerreiraCastro@teleworm.us');


--Estudante info insertion
INSERT INTO Estudante (id, anoInscricao, idCurso) VALUES ('UP201800001', 2018, 'MIEIC');
INSERT INTO Estudante (id, anoInscricao, idCurso) VALUES ('UP201800002', 2018, 'MIEEC');
INSERT INTO Estudante (id, anoInscricao, idCurso) VALUES ('UP201800003', 2018, 'MIEQ');
INSERT INTO Estudante (id, anoInscricao, idCurso) VALUES ('UP201800004', 2018, 'MIEA');
INSERT INTO Estudante (id, anoInscricao, idCurso) VALUES ('UP201800005', 2018, 'MIEGI');
INSERT INTO Estudante (id, anoInscricao, idCurso) VALUES ('UP201800006', 2018, 'MIEIC');
INSERT INTO Estudante (id, anoInscricao, idCurso) VALUES ('UP201800007', 2018, 'MIEIC');
INSERT INTO Estudante (id, anoInscricao, idCurso) VALUES ('UP201800008', 2018, 'MIEIC');
INSERT INTO Estudante (id, anoInscricao, idCurso) VALUES ('UP201800009', 2018, 'MIEIC');
INSERT INTO Estudante (id, anoInscricao, idCurso) VALUES ('UP201800010', 2018, 'MIEC');
INSERT INTO Estudante (id, anoInscricao, idCurso) VALUES ('UP201800011', 2018, 'MIEM');
INSERT INTO Estudante (id, anoInscricao, idCurso) VALUES ('UP201800012', 2018, 'MIEIC');
INSERT INTO Estudante (id, anoInscricao, idCurso) VALUES ('UP201800013', 2018, 'MIEIC');
INSERT INTO Estudante (id, anoInscricao, idCurso) VALUES ('UP201800014', 2018, 'MIEIC');
INSERT INTO Estudante (id, anoInscricao, idCurso) VALUES ('UP201800015', 2018, 'MIEIC');
INSERT INTO Estudante (id, anoInscricao, idCurso) VALUES ('UP201800016', 2018, 'MIEIC');
INSERT INTO Estudante (id, anoInscricao, idCurso) VALUES ('UP201800017', 2018, 'MIEIC');
INSERT INTO Estudante (id, anoInscricao, idCurso) VALUES ('UP201800018', 2018, 'MIEIC');
INSERT INTO Estudante (id, anoInscricao, idCurso) VALUES ('UP201800019', 2018, 'MIEIC');
INSERT INTO Estudante (id, anoInscricao, idCurso) VALUES ('UP201800020', 2018, 'MIEIC');


--Docente info insertion
INSERT INTO Docente (id, categoria, departamento) VALUES ('UP19990001', 'Professor Associado', 'Departamento de Engenharia Informática');
INSERT INTO Docente (id, categoria, departamento) VALUES ('UP19900001', 'Professor Auxiliar', 'Departamento de Engenharia Informática');
INSERT INTO Docente (id, categoria, departamento) VALUES ('UP19850001', 'Assistente Convidado', 'Departamento de Engenharia Informática');
INSERT INTO Docente (id, categoria, departamento) VALUES ('UP19870001', 'Professor Associado', 'Departamento de Engenharia Civil');
INSERT INTO Docente (id, categoria, departamento) VALUES ('UP19970001', 'Professor Auxiliar', 'Departamento de Engenharia Química');


--Curso info insertion
INSERT INTO Curso (idCurso, nome, grauAcademico, duracao, mediaEntrada, dataInicio) VALUES
	('MIEIC', 'Mestrado Integrado em Engenharia Informática e Computação', 'Mestre', 5, 16.5, '2006-01-01 10:00:00');
INSERT INTO Curso (idCurso, nome, grauAcademico, duracao, mediaEntrada, dataInicio) VALUES
	('MIEEC', 'Mestrado Integrado em Engenharia Eletrotécnica e Computadores', 'Mestre', 5, 15, '1990-01-01 10:00:00');
INSERT INTO Curso (idCurso, nome, grauAcademico, duracao, mediaEntrada, dataInicio) VALUES
	('MIEC', 'Mestrado Integrado em Engenharia Civil', 'Mestre', 5, 15, '1980-01-01 10:00:00');
INSERT INTO Curso (idCurso, nome, grauAcademico, duracao, mediaEntrada, dataInicio) VALUES
	('MIEQ', 'Mestrado Integrado em Engenharia Química', 'Mestre', 5, 15, '1990-01-01 10:00:00');
INSERT INTO Curso (idCurso, nome, grauAcademico, duracao, mediaEntrada, dataInicio) VALUES
	('MIEA', 'Mestrado Integrado em Engenharia do Ambiente', 'Mestre', 5, 15, '1995-01-01 10:00:00');
INSERT INTO Curso (idCurso, nome, grauAcademico, duracao, mediaEntrada, dataInicio) VALUES
	('MIEGI', 'Mestrado Integrado em Engenharia de Gestão Industrial', 'Mestre', 5, 15, '1995-01-01 10:00:00');
INSERT INTO Curso (idCurso, nome, grauAcademico, duracao, mediaEntrada, dataInicio) VALUES
	('MIEM', 'Mestrado Integrado em Engenharia Mecânica', 'Mestre', 5, 15, '1995-01-01 10:00:00');


--Cadeira info insertion
INSERT INTO Cadeira (idCadeira, nome, creditos, idCurso) VALUES
	('MIEIC-BDAD', 'Base de Dados', 6, 'MIEIC');
INSERT INTO Cadeira (idCadeira, nome, creditos, idCurso) VALUES
	('MIEIC-LPOO', 'Laboratório de Programação Orientada a Objetos', 7.5, 'MIEIC');
INSERT INTO Cadeira (idCadeira, nome, creditos, idCurso) VALUES
	('MIEIC-SOPE', 'Sistemas Operativos', 6, 'MIEIC');
INSERT INTO Cadeira (idCadeira, nome, creditos, idCurso) VALUES
	('MIEIC-CAL', 'Concepção e Análise de Algoritmos', 6, 'MIEIC');
INSERT INTO Cadeira (idCadeira, nome, creditos, idCurso) VALUES
	('MIEIC-CGRA', 'Computação Gráfica', 4.5, 'MIEIC');
INSERT INTO Cadeira (idCadeira, nome, creditos, idCurso) VALUES
	('MIEIC-AMAT', 'Análise Matemática', 6, 'MIEIC');
INSERT INTO Cadeira (idCadeira, nome, creditos, idCurso) VALUES
	('MIEIC-CMAT', 'Complementos de Matemática', 6, 'MIEIC');
INSERT INTO Cadeira (idCadeira, nome, creditos, idCurso) VALUES
	('MIEIC-FISI1', 'Física 1', 6, 'MIEIC');
INSERT INTO Cadeira (idCadeira, nome, creditos, idCurso) VALUES
	('MIEIC-FISI2', 'Física 2', 6, 'MIEIC');
INSERT INTO Cadeira (idCadeira, nome, creditos, idCurso) VALUES
	('MIEIC-PF', 'Projeto FEUP', 1.5, 'MIEIC');
INSERT INTO Cadeira (idCadeira, nome, creditos, idCurso) VALUES
	('MIEIC-LCOM', 'Laboratório de Computadores', 6, 'MIEIC');
INSERT INTO Cadeira (idCadeira, nome, creditos, idCurso) VALUES
	('MIEIC-FPRO', 'Fundamentos de Programação', 6, 'MIEIC');
INSERT INTO Cadeira (idCadeira, nome, creditos, idCurso) VALUES
	('MIEIC-PROG', 'Programação', 6, 'MIEIC');
INSERT INTO Cadeira (idCadeira, nome, creditos, idCurso) VALUES
	('MIEIC-TCOM', 'Teoria da Computação', 6, 'MIEIC');
INSERT INTO Cadeira (idCadeira, nome, creditos, idCurso) VALUES
	('MIEEC-AMAT', 'Análise Matemática', 6, 'MIEEC');
INSERT INTO Cadeira (idCadeira, nome, creditos, idCurso) VALUES
	('MIEC-AMAT', 'Análise Matemática', 6, 'MIEC');
INSERT INTO Cadeira (idCadeira, nome, creditos, idCurso) VALUES
	('MIEQ-AMAT', 'Análise Matemática', 6, 'MIEQ');
INSERT INTO Cadeira (idCadeira, nome, creditos, idCurso) VALUES
	('MIEA-AMAT', 'Análise Matemática', 6, 'MIEA');
INSERT INTO Cadeira (idCadeira, nome, creditos, idCurso) VALUES
	('MIEM-AMAT', 'Análise Matemática', 6, 'MIEM');
INSERT INTO Cadeira (idCadeira, nome, creditos, idCurso) VALUES
	('MIEGI-AMAT', 'Análise Matemática', 6, 'MIEGI');




mhgpjangbhlmettcsdrf
eardfmtshmjeassvxkfl
icrqpsxbvpizccwukzfk
humqjnwovpuwqtyvbfoy
bhumyauywlldxflmzwyz
fkmwdmmswmoehjnworss
qtixskbiuaipwugmwbfd
bbwhrkbjenhvyplwqwtq
emqpjuwkhsnixtlsenhw


--OcorrenciaCadeira info insertion
INSERT INTO OcorrenciaCadeira (idOcorrenciaCadeira, idCadeira) VALUES ('turvdzucldzpmzohenwm', '');
INSERT INTO OcorrenciaCadeira (idOcorrenciaCadeira, idCadeira) VALUES ('cefiahhwfijhnhscednv', '');
INSERT INTO OcorrenciaCadeira (idOcorrenciaCadeira, idCadeira) VALUES ('lyvogymnyhltnqpuiwmy', '');
INSERT INTO OcorrenciaCadeira (idOcorrenciaCadeira, idCadeira) VALUES ('igdijspbahlzmngoipwv', '');
INSERT INTO OcorrenciaCadeira (idOcorrenciaCadeira, idCadeira) VALUES ('qhrayebeajqrnasgwutg', '');
INSERT INTO OcorrenciaCadeira (idOcorrenciaCadeira, idCadeira) VALUES ('nsslmoydqntwnpfnoeuu', '');
INSERT INTO OcorrenciaCadeira (idOcorrenciaCadeira, idCadeira) VALUES ('snoxoxoqctxqfyurzysm', '');
INSERT INTO OcorrenciaCadeira (idOcorrenciaCadeira, idCadeira) VALUES ('pshapuglqjszuhxkzhbl', '');
INSERT INTO OcorrenciaCadeira (idOcorrenciaCadeira, idCadeira) VALUES ('hqqmbvwstfntexzrwuxk', '');
INSERT INTO OcorrenciaCadeira (idOcorrenciaCadeira, idCadeira) VALUES ('hsanpcgyydslybfqtnai', '');
INSERT INTO OcorrenciaCadeira (idOcorrenciaCadeira, idCadeira) VALUES ('pmbumadztmtxkdtxjizi', '');
INSERT INTO OcorrenciaCadeira (idOcorrenciaCadeira, idCadeira) VALUES ('turvdzucldzpmzohenwm', '');
INSERT INTO OcorrenciaCadeira (idOcorrenciaCadeira, idCadeira) VALUES ('turvdzucldzpmzohenwm', '');
INSERT INTO OcorrenciaCadeira (idOcorrenciaCadeira, idCadeira) VALUES ('turvdzucldzpmzohenwm', '');
INSERT INTO OcorrenciaCadeira (idOcorrenciaCadeira, idCadeira) VALUES ('turvdzucldzpmzohenwm', '');
INSERT INTO OcorrenciaCadeira (idOcorrenciaCadeira, idCadeira) VALUES ('turvdzucldzpmzohenwm', '');
INSERT INTO OcorrenciaCadeira (idOcorrenciaCadeira, idCadeira) VALUES ('turvdzucldzpmzohenwm', '');
INSERT INTO OcorrenciaCadeira (idOcorrenciaCadeira, idCadeira) VALUES ('turvdzucldzpmzohenwm', '');
INSERT INTO OcorrenciaCadeira (idOcorrenciaCadeira, idCadeira) VALUES ('turvdzucldzpmzohenwm', '');
INSERT INTO OcorrenciaCadeira (idOcorrenciaCadeira, idCadeira) VALUES ('turvdzucldzpmzohenwm', '');








SELECT *
FROM PessoaFEUP;